name,email
Maile Adkins,quis.massa@tellusAenean.com
Lamar Long,fermentum.fermentum.arcu@lacuspedesagittis.net
Cynthia Harding,iaculis.odio.Nam@FuscefeugiatLorem.co.uk
Desirae Sharpe,Proin@gravidanon.net
Yvonne Watts,vitae.mauris.sit@Innecorci.net
Hamish Mooney,facilisis.Suspendisse@ornarefacilisiseget.edu
Ulric Fox,tristique@etrutrum.org
Joelle Simmons,Quisque@quamafelis.ca
Jemima Clark,risus@tempuseu.ca
Judah Burks,ipsum.dolor@ultrices.edu
Gabriel Hickman,mauris.sagittis@tacitisociosqu.org
Kaye Hatfield,Fusce.aliquam@Curabiturdictum.org
Macaulay Patrick,nisl.Nulla.eu@egestas.ca
Urielle Blackburn,eget.nisi.dictum@nonquamPellentesque.co.uk
Kay Carlson,risus.varius.orci@leo.co.uk
Tatum Kent,quis@Integereulacus.co.uk
Sierra Downs,lectus.sit.amet@arcuetpede.org
Donna Grant,lorem.ut@sit.org
Mollie Key,Aenean.euismod.mauris@dui.org
Jared Farley,risus.varius@ut.co.uk
Briar Massey,ut@acsem.co.uk
Justine Duran,eu@sedsem.co.uk
Chadwick Glenn,magna.Nam@semmagna.ca
Damon Sanders,pellentesque@orcitincidunt.ca
Honorato Garcia,nec.leo.Morbi@dolorFusce.com
Pandora Pena,lorem.ipsum@magnanecquam.com
TaShya Casey,pede.et@gravidanonsollicitudin.edu
Shelley Hewitt,lacus.vestibulum@nonleoVivamus.edu
Lael David,risus@parturientmontes.org
Anne Spears,sagittis.placerat@Donec.net
Kevin Hopper,augue.eu.tempor@liberoDonec.org
Ronan Whitney,non.justo@Quisqueac.edu
Ian Hahn,mauris@Nullam.edu
Miriam Bauer,purus.mauris.a@elit.edu
Kaden Hall,faucibus@nondui.co.uk
Brynne Wilkinson,in@sagittis.ca
Macaulay Kim,libero@feugiattelluslorem.edu
Elton Albert,Maecenas.libero.est@feugiattellus.net
Cole Humphrey,amet.massa.Quisque@nunc.co.uk
Aurelia Mccall,lobortis@tempor.ca
Madaline Gilliam,nascetur@Intincidunt.co.uk
Peter Sullivan,Mauris.vestibulum@mi.co.uk
Pamela Gilliam,tempus.risus.Donec@ipsumCurabitur.net
Wendy Morales,pellentesque.eget.dictum@orciquis.co.uk
Ariel Herring,Ut@eu.org
Lareina Campos,ullamcorper.Duis@faucibus.com
Olga Whitney,Nulla.aliquet.Proin@sedtortor.co.uk
Tanisha Cervantes,nibh.Phasellus.nulla@Fuscediam.net
Fulton Guthrie,metus.In@elitEtiam.co.uk
Alec Mccarty,ipsum.Phasellus@neque.com
Brianna Dudley,aliquet@in.co.uk
Harriet Chase,molestie.tortor.nibh@eratvitae.ca
Neil Mckenzie,Sed.eu.eros@neque.org
Shay Mercado,Integer.in.magna@dui.com
Karly Manning,elementum.lorem@erateget.edu
Allegra Davenport,et@temporaugue.net
Tyrone Salinas,mi@aptenttaciti.co.uk
Dawn Pugh,Suspendisse.ac.metus@tellus.com
Lev Paul,quis.turpis.vitae@Nullatempor.edu
Zephr Jefferson,augue@mollis.ca
Omar Wilcox,Nunc.ac@lectusantedictum.net
Shelly Myers,sapien.Cras@velvenenatisvel.co.uk
Avram Collier,bibendum@malesuada.edu
Gail Stanley,tortor@etrisus.ca
Caleb Mitchell,fermentum.vel.mauris@sitamet.net
Lillian Wynn,imperdiet.ornare.In@ametrisusDonec.com
Marvin Barber,elit@Nam.org
Eugenia Butler,neque@dignissimpharetra.ca
Illiana Hutchinson,elit.sed.consequat@tellus.com
Carlos Young,vel.arcu@mi.com
Walker Clayton,porta.elit@elitNullafacilisi.ca
Nomlanga Pierce,imperdiet@ultrices.org
Harrison Nixon,Suspendisse.dui.Fusce@metusAliquamerat.net
Yael Puckett,lacinia.vitae.sodales@id.edu
Vladimir Hays,luctus.Curabitur.egestas@etmagnis.co.uk
Chancellor Roy,turpis.Nulla@mattisornare.com
Inga Landry,eleifend@elitfermentum.com
Louis Newman,pede.malesuada@eratinconsectetuer.ca
Benjamin Dale,tellus.Nunc@lectuspedeet.org
Aladdin Hunt,Pellentesque.tincidunt.tempus@adipiscingMauris.ca
Shay Bass,at.augue@eu.com
Cassidy Roach,eget@molestiedapibus.ca
Debra Campbell,non@sagittisDuisgravida.com
Randall Guthrie,non@eu.ca
Dara Clark,Suspendisse.aliquet@interdumSed.ca
May Knapp,mauris.ipsum@pharetra.edu
Lani Dalton,turpis.non@duiCumsociis.org
Kirby Morin,ridiculus.mus.Aenean@Mauris.net
Genevieve Long,dapibus@eleifendCrassed.co.uk
Merritt Castaneda,feugiat@dui.co.uk
Oren Hinton,nisl@nislMaecenasmalesuada.net
Hilary Wilson,dolor.sit@loremeget.edu
Jorden Hardy,amet.faucibus@Vivamusnisi.ca
Scott Cannon,magna.Phasellus.dolor@necante.org
Malcolm Baird,egestas@acturpis.net
Aimee Whitney,Donec@asollicitudinorci.org
Rhoda Wooten,tincidunt@sapienCras.net
Ivy Burt,odio@ultricesiaculisodio.ca
Piper Davenport,fringilla@aliquetnecimperdiet.com
Aristotle Mccormick,vitae.semper@Vivamusnibh.net
